date,location_note,activity_note,status_note
2026-08-17,Tank Farm East - Crude Tank 01,Tamped and compacted backfill gravel in 200mm layers around Tank 01 dike retaining walls (BUND-TK-01),Layers 3 and 4 completed; soil testing passed with 97% compaction.
2026-08-17,Compressor House Bay 1-3,Assembled plywood shuttering and heavy steel waler supports for deep foundation pedestals (BLDG-COMP-01),Forms locked in place; ready for pre-pour dimensional inspection.
2026-08-17,Process Train A - Cracker Area,Placed ribbed rubber waterstop profiles across construction cold joints on Train A cracker slab (FND-TK-101),Joints fully prepped and secured prior to adjoining slab pour.
2026-08-17,Main Pipe Rack Corridor - Grid A to G,Laid 8-inch solid cement block walls with horizontal bond beams at pipe rack support shelter (STR-PR-101),Reached 2.4m height; mortar curing under damp burlap.
2026-08-17,Process Train A - Booster Compression Standby,Set up dual laser alignment sensors on compressor-motor coupling and dialed in hot-alignment offsets for K-102B,"Angular misalignment dialed down to 0.03mm, well within tolerance."
2026-08-17,Process Train B - LP Compression Bay,Checked soft-foot on pump feet using dial gauges and inserted 0.2mm precision SS shims under K-202A,Soft-foot reduced to below 0.025mm; foundation hold-down bolts tightened.
2026-08-17,Heat Exchanger Battery - South,Carried out X-ray radiography and magnetic particle inspection across 14 field butt welds on E-201A/B piping,"13 welds accepted, 1 root lack-of-fusion marked for repair."
2026-08-17,Air Cooled Fin-Fan Condenser Deck,Pressurized fin-fan cooler coils (AC-101) with nitrogen gas to 7 bar and brush-tested all threaded connections with Snoop soap liquid,Zero bubbling observed; pneumatic test package signed off.
2026-08-17,South Gate Guard House,Assembled temporary wooden scaffolding and privacy screens for visiting client delegation at south perimeter gate,Ad-hoc task requested by client PM; not on project baseline schedule.
